Latitude,Longitude,Depth_In_Km,Magnitude
10.367182020405163,118.03646221722482,3.034127313563832,5.036217965253388
20.162143208968576,121.96091042116194,2.8366189629572727,5.780088383148234
16.443897010793886,125.60240419464049,23.671724742163093,2.5028073927549936
14.177194231349622,124.05447375050517,2.8707718856360662,4.749244597641994
6.652316887521421,124.87217262647594,3.1738517565419477,4.430475898862492
6.651906845715445,123.2466170338179,14.24612253597161,5.996982260729626
4.987421406859391,123.61504220969638,5.973640988650571,6.436522362887564
18.724994478173898,125.34115216721851,14.992863982584597,1.0729406288643208
14.21895519963455,118.74634809745105,0.6760043876192516,5.044119514352756
16.037233822532773,121.38367460007454,6.685934921037368,1.3110147947183741
4.349936403028641,118.43330386001563,0.3419152493794983,4.2931519904641355
20.488467486753905,126.86434808796312,0.6470195151063192,2.725796374262069
18.151524893607167,126.38465273655274,23.691251181454838,2.840659597132847
7.609764881530695,116.43369492505356,1.4994579904644503,3.1177510207141395
7.091024442520711,123.76132689767257,7.601862810622099,4.72775469429766
7.117876667508375,126.17773149157233,5.294914219185614,3.0042997940126153
9.17211813031214,117.98632879640067,4.267040555945366,5.396194303541682
12.920859337748043,122.24739753607892,23.009199370088268,3.4271643134432184
11.343065316915968,126.07037127346845,0.22065049355001531,1.4101192018597517
8.950895383366714,116.37340576444379,10.900183808326895,5.702559054904643
14.40149921028045,123.67162293971523,33.07554979468367,2.714549947556236
6.371395631084711,119.27083908109806,8.21362860280852,3.5966012775955756
8.966459025098708,126.16835814914184,27.61806452919119,5.112663299331409
10.22815133599276,126.68164069681904,0.5367283829582405,2.9947369428922723
11.753189731689611,126.38693138024777,5.426488522972961,1.3395139368802937
17.34799134368123,121.2163563832321,3.0131834655068874,3.2435262820768815
7.394454296692116,125.48246916088245,13.123785630731405,6.666691496165821
12.741985453031397,125.29004338388577,39.79076178841682,4.850406383791349
14.071047670654721,119.51010520567581,2.964269475836514,5.028874892003241
4.789657016239961,125.11807021565745,10.618212598300316,4.793692921825839
14.328262482324453,116.40708398187041,2.2076841513427965,2.1939528337566205
6.898910102683956,122.55896866330258,8.331687421479582,3.510003184613681
5.105877080749751,118.53009721016474,6.234951681723219,5.505638790179909
20.131054133306666,117.32623574355007,35.75741130908115,1.6082373853189549
20.41574456226751,116.8464852179213,9.378394280377334,2.6671166565382736
17.742754917979838,123.65917653465954,4.300237767529106,2.6579146507951217
9.178434075947301,119.73862460144873,1.2114644357562017,3.592113565567036
5.660425938108526,123.97243448681638,1.639868637214363,6.88221244565311
15.631961450706667,116.71891974878837,2.553012751408823,1.4050152801029316
11.482592393573222,119.46819371613671,2.889717855613698,4.11220596628357
6.07464999236124,121.93440421612871,19.012354942631106,2.076188092073263
12.418007471891594,124.69795481322859,8.237634851167945,6.824059272458465
4.584604858958713,119.50627753225277,7.410586447854435,1.6798210283647852
19.458446835339295,122.8848051408071,1.219065063412979,3.4216060141695475
8.399259687200288,125.74575523059806,19.671111641550873,5.427309909007637
15.262878834017693,122.77449507000534,12.830676118738607,5.2273265681646714
9.299088293519986,118.56255422228998,0.7006669271951631,3.5363718213635935
12.841156360022783,116.26840859712192,12.304369006024542,3.0791450077163094
13.294074748835754,125.57108761291023,7.842503006173839,3.3856742713172236
7.14252574393396,116.23396351935426,0.8525874546966827,2.5856575789518357
20.482938671997495,125.62171839952619,6.130441206067024,2.231997632240799
17.17725799713895,121.81830847429933,6.62998818414935,3.89823818535334
19.971482006591216,126.32974468364186,1.8125157762181645,2.611202536405644
19.21206495727003,124.78661559351032,29.13196927399496,2.7247699893835007
14.164299639788448,126.97727521586671,18.96955808234685,4.940536380847343
19.671861995392987,119.8578299699688,11.05704390260218,6.811223990199354
5.504372534882632,124.4390711782424,6.204462396688857,4.62182320335625
7.331708661125468,120.42124004970167,5.306296717568441,1.4618768023897977
4.768863911479147,121.27863182334299,10.526073343140585,1.4535016831244019
9.530615622975493,122.90256009540207,7.8840747430379245,6.708539325073396
10.607513924721193,125.61044825604972,0.6429653002712655,2.783744741844002
8.61293354015623,126.82491816119224,7.184704219340354,1.5524019164948526
18.088537655582797,124.45100755250971,16.419797883681323,4.594267522902289
10.064806553791017,120.59543460384067,6.1477949513223,4.741892669741596
8.775886664685473,120.63492702504777,0.5335497350844933,4.891028920712129
13.225833413690223,124.1134053174778,15.43080106811237,2.604412167145248
6.395711824570965,118.62654860345133,2.2484973368587404,1.0906641052868502
17.637348672818675,117.21521524444535,2.9924309074837026,6.790092216726832
5.267360942556104,119.90084373404854,1.7997194341740164,2.505358274146615
20.777077922208793,119.1596289081949,4.007986104717142,5.056157728315285
17.128161078043178,119.25938932501589,14.136717478165162,5.239779219272258
7.378166586080931,118.56968526154901,7.326905335240429,4.660044502476914
4.093875991101241,116.46302508599999,2.2926383478708843,2.8774443652818893
17.86284428373218,116.19661328206755,21.02342401265488,2.6265775225843946
16.01657484540949,126.86494628709634,21.167850510798342,4.586009696216219
16.393121856696784,120.70550447109449,20.446801801024364,6.196573801670149
17.111595893661075,120.2275931187565,2.728541664069208,6.680402373540374
5.258759079479536,123.47612010962376,6.00092896432293,1.6354348264225458
10.093917385252634,118.4007927665157,41.99015724929951,1.928971675586319
5.969774011927205,126.44957302345247,14.784643721827786,6.668417552698478
18.67275823988509,124.64979515857107,0.27543278636881524,5.419211370008755
14.596068156068485,116.98352102543485,0.6742758781911051,6.297962948978638
9.625266422495036,120.59338853363421,6.234930977710629,2.2157958048120587
5.080491954862402,125.67030138318381,23.99318549653681,4.525515226656411
9.286699469166258,126.39205224520552,7.737105860039205,5.206837566504841
9.5281164744547,121.14141662374857,6.88781739048892,5.080671312681836
16.403305031747088,122.74752528131779,1.1146097451660442,3.4489101452001885
14.838477013038624,117.83737340701283,10.693839431309623,1.0923693501478509
19.082616623797552,126.90285488750675,17.265514506301997,4.497556340825579
12.027653727753139,118.54838871521788,4.787134619671843,2.5186092350776526
6.033102180951129,126.37004951548639,14.943779183383716,3.7015254768573422
16.125161382790914,123.14611313891605,33.37565162052098,6.745486090502904
16.933345826487255,122.68510474366745,2.278627431134131,3.3942119058546085
13.541712358681435,121.6395736211816,7.4093007770213575,6.03880963998656
17.106442059227536,118.53736792889535,3.384673668890539,2.131243634495507
12.394525138194643,117.94180835206059,15.743334432174741,5.034762988150173
12.886458099493899,118.42534829977193,8.617868409396449,6.862041726633661
11.268197312095344,118.0508208835868,10.067145178332758,1.6113586052376208
4.4321251546496185,124.57542920923429,15.990627194510662,1.049919653363152
5.8341542588861754,119.85137785083403,5.041321959217804,3.601496755795686
4.534296156674483,116.63626944219736,24.661642126129657,1.5557528983082032
14.818976991484266,126.66012893154893,7.614878374553812,5.490306098057388
9.344051678297554,125.72164473459767,1.7192161158931838,6.487291983091353
12.645701749799947,126.20527511514734,11.90395784496388,3.6041258362525532
19.42863005674358,126.94398604911079,15.762998459239547,2.5522698529326457
8.237967895530874,117.91284774141437,3.809115447957103,3.606419914039659
10.976509691605706,120.35866220792924,19.46164980513362,5.340686907100006
16.844369355231827,124.340623232745,23.659856460311666,1.0543249694822259
7.889568813357582,123.65622679859172,3.2421395957046437,4.536723936908183
5.308658467089481,117.6928549697384,41.05697122281739,4.679750109324274
8.925774699534056,124.9741643748968,1.5165059038050552,4.826129481375613
6.740761883318076,118.46884629020327,2.256663163146758,2.4521324798852633
19.80486008982374,118.46199376304885,2.036165002675717,5.28431634026876
17.73804645259509,121.90671865182755,22.442191141841327,1.5483489179906584
14.767863860677199,122.52233928325873,10.621623885347034,2.1956220188008047
18.8148300331912,122.38094828621593,1.6499762625030379,6.264820279926892
17.66242530728495,117.00635521137531,5.803961948898719,5.432338904359398
7.171691001062609,125.65206948893419,9.552863355479618,1.0824733240680715
19.173502974329622,118.92160046847577,0.8715402533365735,2.490257562218801
13.168818112566063,117.42466413411084,21.406054403422733,2.2864388979589876
17.72648263778906,125.77622887855875,16.27619884453608,2.6248379682218355
19.233552098699384,126.51216648052728,7.036153280818361,2.4853586216793184
9.406059074521686,125.48340378991996,34.150919230500875,1.3751577744570744
5.870882716970505,124.90467682197365,5.408742270293948,3.753643099580922
7.874897763213008,123.20766178702924,41.42085376451174,5.396400848716991
11.260832406646358,122.05943107670053,11.02379371634689,4.640390348304619
17.906251020682383,116.95685435902551,10.069577094935209,5.037230011588479
18.632419915357836,120.49298534377769,1.8146779570663476,1.486895071217435
4.118186219030242,120.09957368713546,21.364586240880556,6.708944261060723
12.682704143818617,118.85729162136359,5.577245313502253,6.030951003058149
11.095987053529242,123.95762125057443,1.770157444826844,5.8305419109739764
7.775832778002414,121.45463308586648,0.12687669122935624,5.937902830250605
6.037711244672607,116.89150837498413,8.204254417138756,6.596263048796568
9.739457913861674,118.42201522144792,7.495051146585031,4.265523796682186
20.029464966512826,123.51584640025555,12.70659844747094,2.2016921072057554
9.49444984435284,116.8374394543933,22.096236057354282,4.700701647115247
12.819440569637223,125.36327605453646,0.827368001805495,5.457288962007634
15.951322301218024,121.44661179715372,13.148912937605925,5.427504360124153
10.181703240447998,121.28645235059312,2.0753099415526917,4.128694145001281
20.52029540625633,122.5164856312547,19.531758525685582,1.4107523160014683
20.361604014015892,125.07149062517664,17.096092146110045,3.2266776305807667
8.280299029031191,119.82590128692412,7.782558342991005,6.524599650780144
12.453224600170552,123.4581776781497,12.387119433120626,4.506693458544556
9.114931266885083,122.2230516039537,3.773881506113965,4.229991659534281
8.84228840441695,118.93731097186364,6.370842867894616,2.613121086293161
4.627078105027057,125.66492984990674,17.239339059589625,3.2106935194994737
14.362593677658246,124.7716862376762,6.148263184240825,6.372076534919016
12.545543394890645,123.24297018124268,4.428527961865562,4.9987782851610145
4.875138771249819,125.35639902003666,6.816385540848643,5.724322160513998
8.736989892022393,125.54023621055782,17.61710995267424,3.726072538405931
19.440520061433112,123.79199274386538,4.082811404643337,4.7814833167369475
8.07255214133853,125.2071466120004,1.908719189412956,2.4903016524592454
6.463212825550793,123.67218607836212,12.448434817352837,5.232764981700917
12.320696924718572,123.4815484893633,17.485747732848978,3.565608002220024
20.75605771988021,122.80472516036703,1.0606907609808842,3.6552730888884737
8.114939615695507,124.27988303513405,2.742712183081353,4.89593394746129
15.426304305899935,117.7446561582238,1.5311853406083515,6.61768372881356
16.947533460588197,125.68957835118822,4.276208615560561,1.3840380796517255
8.039838247870794,125.59027880519756,5.984753479202122,5.948459424082046
16.379677926401612,116.32172011338015,13.816106944838227,2.7542986624731585
10.252313256227305,125.08398425621239,10.531063255355015,3.663516727038267
14.749199120090852,117.4175685422079,9.70030615348931,1.1314799726500537
14.77000508293521,119.68630739685057,4.34443371406971,2.806276467005878
13.108169629270893,124.17859081920768,18.416698450343084,4.015787455780783
5.534926090924941,117.76835885653139,6.373098440439261,1.337056464084634
18.200142425017045,124.99763726530969,38.68242416594891,3.946574376298991
9.453261104519509,125.15347595753516,10.055103770097727,6.562663773150564
7.170814676797522,121.5821450713692,1.3497785718102526,1.6323593086468313
4.693177406430987,116.07024458888517,11.275599445107554,5.586644368453026
14.045180034200111,119.15741946492405,3.931966969196102,3.458026320255956
15.518594151318801,122.78619610213316,11.594048640248865,4.931042287146028
4.281993091773555,126.79304795830166,0.7218490506954433,2.5614195879113764
12.705581991087776,122.94994879718335,1.9222819045912152,1.9569535752481497
7.850428178364945,118.85783939170575,19.361190510181302,1.9627756856273586
14.967937436960648,122.97406273409572,2.577085433067849,1.422951673858868
6.964229293084855,121.93983917687441,18.14257412112832,2.1138802294074583
15.745941547741921,124.57829934666258,3.274991393787473,4.985316309933809
10.574500887109135,117.17678702709654,10.29688767750235,6.290143671061048
19.924409808524487,124.37130692752231,11.846623684296386,5.884754113546971
6.337856050481886,121.95393236543721,7.187824812885495,5.110805859246905
9.798127967854395,126.59291204244894,3.642905501889821,1.662591180466616
5.929049861090014,119.76059382642555,2.390752601646858,2.735124677775699
19.71979151073557,122.95884082447343,0.3375261921056072,2.858841251934814
18.91476900747668,126.2523091606102,3.623286119012093,2.4997416783857274
8.385007671157645,117.12760700789747,10.5889974609222,4.0900339582583385
15.219728782581043,126.30951335960097,27.85549445909374,4.213322889278036
17.89277740342067,123.56674294530895,20.495292660963994,3.141315851026661
13.43841379719086,116.74620765015689,14.52711024747378,3.1227349524186163
13.00405983205211,119.31059923641497,15.532813434137013,5.971333587436488
8.111488945307679,123.7898929750981,10.935796839216732,5.735757089918113
5.582747052700286,116.74085661615649,3.0149281329727016,2.846774990084474
19.252667885206556,122.403875061939,23.772550921950906,6.482730663239556
19.30710697177662,119.80471362648252,11.108842174200689,6.716890102015036
14.762724773645555,122.83007069544225,8.219824878863804,2.960455252180245
9.763506447827911,116.50316237193765,1.1764619788426465,3.126549692758329
9.936562768415236,125.58690486767614,5.924977233839371,4.033804920531753
16.341246540794067,126.70837866095137,6.168498248029955,6.646724875202041
19.25087441919381,126.6576564081426,19.992531918569643,6.257916598853869
19.080469212506994,124.24617014917217,7.910868989857644,1.6154077755015388
17.257884279579606,117.43094864143696,4.786820564475785,3.3563844596284973
14.914537984622893,124.34089515521924,37.63617160352339,4.320227138498631
5.43037940491583,116.27045608104682,1.1734379962675852,4.01879483530924
6.747688139608434,116.24335906681897,5.49130698651335,2.163178407621356
19.275421204960345,119.55971241064495,0.4293325830688141,6.152900627008928
14.309294014213028,121.37507509445132,13.467049496631457,5.061644697981024
4.156349877482704,124.47448159588572,25.01970031163878,6.027450249110822
5.725016228722546,123.51624914267155,3.2855591491401936,6.152585676096833
15.279530074836948,120.90492977014424,19.543372955128294,5.490135121994438
4.086046925385718,119.00989332909832,3.4561946791829934,3.6352636074983042
6.7337368740974775,126.96836950173483,24.165397846139708,4.663280530092547
13.328474419231965,120.6879943245957,14.022688916121695,1.9621924367184589
15.762218360775785,120.96525726762643,16.342777671764384,5.041872504849446
15.08334141154421,117.79986203310835,0.18170646414164462,2.0755195344356845
7.8125782608295165,124.74290503624923,32.91724972436397,5.163697543060941
16.107046762908112,123.63050448359637,12.970790521646832,2.377588964523812
8.0332344874456,118.42846574067636,3.6348536139772296,1.7053078009013198
9.531794868707552,116.90619150177427,17.684023716049076,1.9917069408577446
16.69035388700641,123.48549232282184,3.3061907760731915,1.0119528113144216
15.043759283802649,123.19962335709249,20.616317974144167,5.312437707121181
18.436797978401025,119.0058547969803,1.194373424810942,5.394406294350275
15.179419169105838,126.45949918475452,12.163355000441866,4.089600099479557
13.661246256703018,117.66163680958991,7.780483709672553,1.9681768063323022
5.592471053077572,120.75568281146862,1.0151732152650952,1.5013260250641385
10.25116865201037,126.3797751218436,2.7693183488830138,1.114773798623722
8.508440250589333,120.61700048618735,0.1248160847502802,1.9944890617913242
8.147823937444421,123.02378542430495,6.325563766602819,6.34513320989888
20.541179430791576,120.37353837759073,3.5848409483719443,2.449221050210091
10.682661319334926,119.01636722583537,9.12192850415572,3.1256279633032937
19.164791438010926,126.82375412755812,3.527367199452367,1.632072906887999
14.72935664195347,120.50267406946547,3.565593956246741,2.3341678284890217
17.511792160208024,125.83509124047048,13.594312228270262,4.1153474246812305
12.544830582788267,118.52950066480194,0.49340293239955363,4.646516098573915
13.807366038648105,118.34415174427592,23.319623621911788,2.4721138849972664
12.372800794920686,116.34247491172962,19.123275316140763,1.3463929553507032
7.319130792566757,123.16833507913474,11.02032179513412,3.346197214764392
16.28168595944559,120.05378978096137,8.994866400763401,2.405220225558005
8.77313016149455,125.50794074823601,22.284288904430557,2.317323539378812
4.413371429334715,121.20530897360713,2.0497237608398877,6.759176816280732
14.973029030421852,126.65012770706194,0.8226176032410242,4.697802915554345
7.010881549919832,118.04078067273433,2.737925400343189,4.341270659032576
19.987795933999543,125.55485484751172,15.82690235862734,3.4946506211399315
20.216785809043984,124.54256538070916,0.35285543495326505,3.5736660005808654
19.552694633747624,124.48014029108457,8.74205939219567,4.245430023028485
10.292697904342555,125.29261550928577,53.89888108860084,5.178578842216643
4.262762480990746,124.37126390037298,19.35833743835769,5.212876577090976
19.78141556399133,122.88842353794557,7.369855720088178,2.0301634462326974
11.279130521394343,117.44369365450626,0.6575623215253151,4.000676512459762
20.433131923742383,116.35778797440378,17.800691543267394,3.471748570204612
20.381539610517297,126.12932632597256,9.137402575437054,6.223161797616305
18.50116074294512,122.78315345972811,1.2209192730281728,4.788513527310259
9.005631165182956,124.76191020073794,0.985584630744615,4.195024398495891
10.54666138623273,121.29674586663805,24.038077307843388,1.6923678530735042
18.46932341578657,117.29039007858634,11.06242110688051,4.6338273359404685
9.38767408765672,117.37704371422805,17.677703195224048,1.7032234340814005
6.881376693663572,123.54121815951868,21.117903707549416,3.0232394533945124
13.465621461791953,120.7333648438941,8.481003370649201,1.8570517888859912
19.914631160733276,118.2057719937037,7.286631763115787,5.1524418821462135
15.83250654347454,121.4075400141558,5.628690420945743,2.2375126830169156
13.691039891519205,116.70629830782647,3.8118222011338316,3.351156239128156
5.652000394103065,122.40168542105839,5.702146898831338,6.374048665712672
14.455122853885886,118.95892744878607,14.86687924666726,2.2258983003938217
20.830915451772476,124.77315010700907,9.211109078171102,4.046830383752675
6.381428259020908,119.41398154815931,22.30481105629336,3.5156299669961317
12.811604090183524,121.00742163989982,5.85872523921944,1.1087442462743784
18.915342222775244,116.1278259389891,9.341736287652889,5.756548681436877
16.593066501821475,116.79691576574015,9.977924596909265,1.4142754378875984
15.849267596919555,120.31742912047353,8.957461306595128,3.8455301258617216
15.942229427780857,121.27932718188836,12.127908125529778,4.3640697696337
10.111349570735838,122.60022602931234,2.7106551971661275,4.770558739687522
8.991061352496388,119.20828836580233,7.181855969024139,5.1317897758472535
17.75913964313473,123.64480074739197,1.1006579347833083,2.5196343011362905
17.771927709546073,125.46134636908126,4.8533873749905965,1.0598726599506962
18.740229415861762,124.57836087782685,6.687806086687532,5.340661974129472
19.525089393460014,116.43580707883193,10.561974309192884,4.2139395960854715
12.692820780635943,121.28557641983612,30.06410131231943,6.016706219243493
12.525777009682393,117.15423196259992,9.179197243331002,5.928330177404166
17.571018042435178,118.6624951744878,13.60992826356592,6.0599570067272985
15.049386823222008,126.85328852593861,7.0575848885567725,3.910567959877241
15.933436913380957,117.56745097191664,10.054062247174016,3.001770375021194
17.528475380413717,121.48776968796491,0.7357357849613004,5.74934921554822
19.13009081089863,122.7997130774993,2.935547238851391,3.7077646781755296
9.745917666476108,123.72711467598515,4.491867607094905,2.100653178420607
10.384910194879048,122.15613551835605,6.395938165672087,6.129844117368846
5.597692977294773,116.10747932161102,0.4672348400234121,6.295359260634084
13.830762396934958,119.59107439068391,1.508509105379972,3.7978585368410207
4.6110186545446155,121.69482807723182,3.2408925410334115,1.4541983638587248
11.915166308251823,116.96653149059317,35.58998899231591,3.3269565395015874
13.224958790028802,119.856896243301,4.02490048644112,5.821225956775621
8.871201286180835,116.36523419670503,6.5785930262875105,6.410644171277372
14.044165429673182,116.86436346870522,2.18277550445643,2.220836454985575
4.51850424896384,120.36615603821755,9.436107251399159,1.4018416721516291
4.634919208736645,117.45987329447367,3.294534279114121,6.264102718797032
17.98420953121419,122.24294933087714,2.319226985492502,3.3364296338732515
10.12324090399147,123.58411466050993,7.268541893244206,4.25056578560538
6.160028715082041,124.80645369019992,0.05521011937309772,6.808394872304554
12.878135420931674,118.20165268669291,0.07693552270400301,1.3993883674853371
17.089890402676385,117.84230840484977,2.472682368674306,4.889908044712573
7.668957467446334,117.1502462436784,0.37412565838195827,1.4446325354492024
14.589138088923004,123.00073274498,1.1431801916276623,3.2528135707990025
5.450906904894056,123.77123299135592,4.137906434050309,5.82288727116068
4.878589259866331,116.34744759308207,16.224506094256462,3.6008333965338064
13.033028736658515,126.29833470868058,8.487457425913128,6.983094123417702
13.190797067371811,116.5716841201662,7.188091009880626,4.354355709679613
14.836308325469512,121.95425968831178,3.4741625703664742,2.926972915815721
16.343552673285245,123.79966571396008,26.84632343586216,2.320667955428519
20.58948535086309,125.58066036120694,5.058630265746683,3.1031232057169706
12.77710592112032,123.8549562534567,0.9112101011657558,3.235199642557305
9.490260040001182,124.8190089137677,9.59893976209954,1.4122820663437659
17.51816531106796,119.73395211797087,1.2085594487066291,3.217445196560639
8.604148271455262,124.96307625121163,4.234607774232656,3.7854311184353495
11.462514151995814,116.88126331023143,7.0808202971974605,5.336426513432828
5.333758482818521,125.8429832166658,20.732410022989164,4.940376908329648
4.430962638062778,122.0235161376911,6.80322924655953,5.252593931374926
20.365023049524726,124.99027546958743,12.115305120925102,1.0501820912611426
18.2116620487075,120.9755011297013,49.3601574197811,2.3060043974832163
15.831561503592866,123.07935464716178,1.4097516591598156,4.970105730399139
10.952200055042589,121.79042927029724,3.212133830469017,3.903936209078483
6.946003441204378,124.04748473930866,5.01826364836475,1.0318808540100757
6.659429725408463,116.89792980233649,5.47884185521464,5.826967854590934
8.25412926879812,116.66387292389621,5.293648774062828,5.636857439742024
13.336853300004048,118.71813557411161,23.817473827119144,4.290514977961376
16.14813068590106,117.75499148124507,12.518776161694253,1.3987799546576327
15.223355404201431,125.58961923251422,9.362516676317526,5.599090297195508
8.758876248081028,118.41135386093849,3.7015498982939885,4.502281526388184
20.2327097712743,126.73451781401045,17.360809938777113,5.691759862947755
16.544247583828067,119.70585370948217,31.02438393798156,5.5104819543750425
13.424018892693812,118.00329707257569,17.214778108650663,5.8180124317470225
14.399252685983988,124.68668357856727,0.015663312480417482,4.108048398427749
11.133201061272429,123.24578553050964,10.117046850671212,1.84194710916109
8.211426821519677,121.48015288098453,0.5248914749504456,5.026944840278132
10.051535537071448,122.10899906031395,2.9787682322247564,4.722842710311824
16.883383877894275,123.91121956099491,0.6136989358196631,5.453519123194523
4.244689306705849,118.51300215464428,9.25824668128792,2.019286036304412
5.973234888617576,126.95967307662416,11.602427654447604,2.1698511994017355
4.782044914369797,126.72272478361461,1.21588861456813,6.3424571033159705
4.692389639422492,123.1535825498163,4.842467961493605,5.499866790712424
18.542829928187125,118.1949669602206,6.092408857707893,6.449370932201937
15.962183609460402,123.4825106667442,4.605334481187394,5.552291926983524
12.060955094484529,116.79418249877094,1.289988236641173,4.582931835941811
5.663180731067025,116.33717752426386,5.429146641838808,4.924796422167242
12.35746987698615,118.83451177362335,13.910176897280738,6.3347675436400595
12.049020103269617,121.08885252413248,0.7365479050723611,4.472840527071643
6.944431788470258,125.55099755949219,0.8357729556475979,4.794347945970324
11.375478037045543,123.9988597674294,4.381504387364304,1.9388602960216035
10.774580484755347,124.1697717331998,28.42594305527841,3.8435273206966163
14.46945166688768,120.68042667892882,11.043466388409175,5.298382671748594
14.796592064749944,119.8052849180166,11.352865116996828,2.6256561898981925
4.770168166124757,120.08142639283064,4.492915972898056,2.2135250831472097
10.368414448650011,126.86414520109663,9.005669785734462,2.8829608493464933
14.63961856714202,116.4412011055373,0.10182853752543086,2.4490037679570005
12.553316395861492,125.53734645734693,10.108653099260426,2.289475822218375
18.56032730020148,122.36542949429632,24.451508595398124,3.5491050572085214
15.197791737522065,120.8247696110855,9.482290438928432,6.447031083301205
6.769885260384305,123.9778342645665,20.690841132375436,4.042357880432309
5.199668705807307,121.35335835567173,12.872567929071607,2.1275222848919384
14.921127729507365,125.60765561889826,1.2846813702599704,1.4618300162852444
4.450692279207571,125.90772050412384,23.27424115981774,5.176936870827552
13.958184881648876,120.63893019560801,0.687541617901371,3.296792586618327
19.98391410422428,119.04510576958556,7.634998458928469,5.930985679512156
13.783061023889942,122.51585361452699,1.533110102075156,4.957064611844621
10.598888745510873,126.0359968017836,0.11775672614482025,5.777448703248211
14.935899713520005,118.31728407906233,5.482406856437376,2.6316762365106925
11.790299138355783,122.85263241919832,3.4961521919037764,5.1541535347663485
13.275485418370893,122.94716242101772,6.655329742231592,2.5843719081623124
20.00490174920093,124.0642432465681,8.608557570924074,6.634410876701749
10.563744842613161,117.44724453639986,0.4472446625591256,4.818245689200246
20.340239585006543,123.87407461150298,1.3125204388468148,2.9470708010520523
19.390960913253082,125.99935772732205,8.178998397282466,2.6170711737536356
7.328449291418039,117.97651419757266,4.203260161910579,2.145559510429861
5.179142114877813,118.61297657416266,13.062768385614582,5.167845753362367
5.713226023416253,126.68534603445804,10.563912212517101,2.312293677987564
4.309771036076345,117.99074647980439,18.682368994973682,4.571819595564934
5.605530332850783,125.39823602706537,11.792568641026975,2.5878101615521443
15.611115148078067,121.41505642092838,5.619980086040062,4.971813668763211
5.210207023823893,118.71954181843495,11.17693041105615,5.889638371243235
9.422585714993943,125.57824891399763,3.221095199801293,5.668151458867919
18.362880286480728,120.89835780502932,3.657351478809945,5.5651079855846906
4.39562290750904,121.66299089322659,15.558268158503171,2.126334434153512
17.845964204011906,119.95156706339742,5.913481289156753,1.5303096819071123
8.791531171147799,122.5224593657842,16.013722302693466,5.193692970924314
6.008802069568157,117.79876259843525,17.283474342218728,3.210083282766108
15.844531811190562,120.30189690316936,19.488508322579456,3.594077358420084
14.692028395258028,126.66353554568816,24.84529550993177,1.1868945567603464
18.9170242299599,118.8394677597124,5.638488706998093,2.557458695650295
16.49620774466606,123.22410330995422,3.839974241431472,1.2020584232467841
17.659175816542426,119.57709070647164,8.727494298500833,6.275114635607486
8.79458773371221,124.5082043825526,4.6389818297259,2.460380099311183
7.016472244255288,117.43961026790184,9.189797610752633,4.344023017438048
16.76045077789459,126.668031495864,12.227678723694611,1.2338759239667825
17.71619056754349,120.99168495522004,11.660510706740872,5.001084347833949
20.838587414011446,118.5965550968111,4.692885042407799,2.938164074524563
11.014500507494251,116.80846422063014,1.8255382580481638,6.387515121745995
10.324307458477314,117.86733695596295,5.63048013597861,6.328709133604215
17.199020332613948,121.7175134341162,1.5384389498610052,2.9517437101704864
9.793660184301302,119.70703494074415,22.081574405370667,6.405765374142807
19.822874535260603,125.1177170247087,4.2446057617394,6.976946040992673
18.5930167813312,120.73976276027986,1.677795035251999,5.952493984743688
11.292898465375313,118.73585699846393,0.2577715439667666,6.069228086531374
16.764808152455455,122.78859485264434,10.379567580206073,2.4940524166545393
16.8272288594396,123.7745493857399,10.1308338299682,4.460214393146538
5.753105770210855,117.83746098691044,4.164312671107416,1.4035354838042071
19.343399413552632,117.8438113791715,0.7441312977627452,1.5695076209300183
12.589290331613572,116.40338569626897,5.270039481117462,6.993355672199744
18.049776923831608,124.10042216572205,3.728297255282833,2.9598354965554656
9.4408432175204,123.30184980383986,11.304765231587016,5.4891034722930785
19.22389488443541,121.22093963324795,9.308442460058355,5.839990318160899
10.616428538480772,125.28587493866117,4.534906865588917,6.148139626043375
4.184240075165072,124.86237168245059,2.457631492242483,6.985769784412939
19.391493599127482,122.43889800836428,44.2585030936453,2.4489789115412073
5.55187350536427,125.55098408564585,6.0513927246529375,1.2421049611581982
9.428331839037053,118.26425331040446,11.656314385193248,3.467149107967516
20.151053439863684,117.23111581337501,1.5146608209468253,1.7804840189736817
20.160321497938455,118.96724572668688,6.647340822689206,1.1345553349723307
13.748444098095863,116.62795541698246,0.2792296242292531,3.1625609628489166
14.741232606886587,121.84286480801136,7.0411736947070205,5.702429506451418
11.623573873631436,126.30266261524457,33.24719988512149,4.397084147350425
8.984583118867096,116.43277894735361,4.8484394479474195,2.876667935262124
9.587297271288572,117.34320905411029,0.39776720774783136,4.926052032956318
15.432813753309652,120.97418931111778,0.31445044725836535,2.3921090818528645
16.79036700044056,126.27262519280696,4.910013626300815,1.0862886764325101
17.456843743339427,119.47771715474425,1.7438307385113085,5.586120318618564
17.423508427507414,121.57958289557232,0.2362907708120056,4.742458509184054
5.550503751827736,116.45730144955431,14.114629041429104,5.57381574700576
12.405145179943885,117.63177521058297,6.134547044538153,1.2336281001259937
4.978498920282953,126.85293135254732,3.414271728293356,6.022717766983913
13.341990999503505,126.6163056607965,23.03417269321543,4.7171572002178195
11.506018523347409,116.0543397902785,1.2345542349786531,4.380372104275841
19.090971106891097,126.46992963965563,31.217225481409745,4.747684288687189
9.965555213385338,123.0303193159705,3.7682913549052626,6.186599481210185
5.9901392792693,125.54710123972025,21.92867135568108,4.521619039353443
6.4308585948982095,121.00213841197245,9.236751206847723,4.485702279329076
16.94568073919703,121.67155631437176,17.52773551376384,6.944074942394595
14.509707076376438,121.37731238282612,41.359895960002824,5.540381002411408
5.719085494087434,123.33550683300714,3.402469648986117,3.6537628327068115
5.429815703954956,117.53616380231944,32.47673665959655,5.244382000197566
15.91647523480504,116.32970948859946,4.934473296916218,3.335382830150731
5.23697110819129,119.3872293575031,4.869657232099602,2.373252774900994
17.971621007936058,123.75148839010312,4.161021376304796,4.581111261326557
16.006117861660435,118.22038797335243,7.795934968938802,6.569092588683709
5.382929270912296,123.4077567665741,1.674073799118866,6.574837120092776
5.442241139448263,126.66903250717998,8.067896422915673,3.051431668632942
20.772872834519983,117.0329078736836,7.802417880895128,4.16606479733017
10.362603527854045,123.39862330047639,14.350721383064958,2.269815391419167
10.300916500137145,120.88125241235028,17.936610477084535,6.973786656993301
17.817592643377544,125.54956479815256,5.806069315450655,6.886707447207614
20.103225815525597,117.94864768392125,3.6001372482894665,4.897053578244684
20.762018084988807,123.61888547448781,3.002067090421373,5.826484358064841
16.807429149402008,125.21926818612921,2.164458271101219,5.290600967702201
10.396412954025568,126.39075641421425,0.5937595780838081,4.558949314236809
5.419512183877369,123.51572831118611,4.192313984169898,1.3200879819333862
17.211497570766426,121.4689224040927,3.1505010670516898,3.7285860553159664
13.492872245508686,122.79631964221335,33.937467824296604,5.048717813004464
11.211774157198597,125.5579548292659,8.157868496541154,5.065189683302108
19.408024546610513,122.27670721302712,4.266024955171009,3.2387357105343018
5.890357199204573,116.3342576566652,8.686145236225727,6.6501519199481836
12.374626772944605,126.24043565057676,1.4988925750214477,2.004142193420686
4.193011961046124,123.58479426134717,5.87065673442903,4.002156677293364
11.967230913900146,123.44164724354971,9.841262057820114,5.145303859304937
4.957155686591235,118.37242667637489,6.711857709794751,5.182814835350856
6.019904576557223,123.24774017255923,5.13794694855752,4.891833740612894
5.997946195210783,120.33250846219575,50.91041263942461,2.651729280711161
15.03657513597308,123.16356274745641,21.228900002467967,1.9372394121197318
16.682762947512195,117.1725233333879,9.765874838068079,4.815641960960265
13.917269006651713,123.23629835063339,8.425231203811368,4.595812696836626
20.356933324067214,126.99355098347733,9.693236433199543,2.076136061735446
10.372799851902968,116.53033242746612,2.2478503258578506,5.23083487342338
8.857105466791634,126.74891602643449,5.027545216901968,3.7310319504019382
18.766185179220827,120.47598756795158,0.40259166365760213,5.006563549618917
7.801129254830695,125.57828795370985,6.453976290435795,6.024202478620904
20.374783170490392,124.606240324641,7.831256837529745,2.018370571461539
4.206626069726878,122.23717887085334,2.5844660545894573,1.11486920798102
20.487940054029863,124.1229413017646,33.25037971899776,5.67461551837472
4.733718503159794,125.66367117431483,24.01904017398643,4.658184550915696
19.149432932867207,120.44554353816136,12.806495335237951,5.19783741773273
12.970918854467097,119.59736477719562,7.622542630659325,6.028929849931855
20.880401534028106,123.34352724119944,20.399836231826207,5.816865608947003
5.25454160050178,124.88630536135385,1.4001216907623093,6.765520881572948
13.415522834822454,124.38513648254278,15.63078291428235,4.21561047311271
20.478143105524683,124.77595013744498,1.3332662955202386,3.9309737959594324
12.89266335089253,120.79141646294227,15.809022671741687,3.4113231993443804
14.699776848299463,124.99617637792524,3.2264289979134264,1.9221462570652272
15.827727712738492,117.3222996090767,20.96307625950449,4.435643397292134
11.727198101052146,121.98938007756935,28.831555463501637,2.662075145955873
14.66848736142908,116.06334526547934,1.6110342521460956,6.527845073277852
13.933343302692704,119.57044412890298,6.211532794591166,4.499144825662586
19.319686178346814,120.03107688358537,39.62652213142971,4.557041083048661
4.772588465804784,120.35789960770181,6.605007924873812,3.12954796526206
8.776374223067915,123.65013927358848,19.917788752652125,1.311936111866245
20.156995229301497,120.2741391139738,8.885090469242499,1.1904625922379317
19.134484326145575,120.93562984884784,4.705316212803642,3.540010864919185
11.746164797357121,118.6129854396176,3.3656921906007593,1.5073922685834271
14.542254162626124,120.10576970792275,2.271805529083864,4.641081733240835
8.715480110679255,118.49996589989466,14.346370292169555,6.285838033837944
7.198059715303942,116.80515516145287,4.886410428023759,6.297488899112333
11.882872883979697,122.63793452719516,7.159562656140621,4.954272460793394
10.006987876442897,123.35034078410519,6.779147454089091,2.267390988837586
13.922153901464824,122.81439380610576,8.610429611735501,6.177980988153232
5.321488828404743,121.0984344818063,20.06764817913147,6.3165606118792486
20.56471173032483,120.17764358197152,39.49690791335683,2.1799215097177522
20.76558265615325,125.49667014529008,5.2354654024866685,5.424556514624063
15.868749138335668,121.70989963649839,17.574677418973533,2.7191172935627375
13.113638227850046,121.27100065392705,14.461623965025863,5.815841874117578
9.261969476867572,116.2820627238708,8.522107958446627,6.9834273994216165
17.834515335018125,119.75372610388771,31.246376651979347,1.1801560319763569
15.640429933415948,120.18215180664443,2.2373687170445016,6.384195194745591
6.764487968863152,120.38705058986591,1.157074278197645,4.735783201591948
19.485762136395323,122.38189606150065,19.238881908927862,6.840295714988927
17.983133129693872,121.86962801399567,5.7830146194747645,3.7900571051585654
20.14659852596271,122.68695602072789,18.771138110325932,6.084327583428243
16.33723164260212,124.41371587696341,22.35769839287117,1.3743644115896634
14.428058330908428,124.94284312587703,0.644932886875834,3.0116743004697746
11.11013161694052,123.89935383849144,21.49561588070323,1.4020992265072598
19.856384217018224,126.51076065550428,5.9478539866842475,6.852058800874423
18.72308612150694,116.20055840943998,7.142329082461058,5.90184344363102
4.76871739180522,118.153557842519,9.85084992085302,6.115284527475823
4.448238566453284,116.08319162475956,26.088739595647755,6.627791388603365
10.399877236926844,123.12222185570063,0.19301169365585844,1.5106209167187121
17.77940662329116,125.87833603844986,6.478745639378233,3.3135855550800004
20.783694198354056,118.6783052623393,11.638615981336585,1.4262093342640128
6.5570871487599796,126.19737999275938,12.826804175451045,2.2647586093001717
14.100222160986297,116.66294129318517,11.793856657111078,2.376194662226034
10.475144562727365,126.27879629486065,1.4437295559530932,3.814643266285472
20.488544762848253,119.86784955963599,3.5581187130977403,2.6113730047218553
18.31602169330705,117.11562911294138,4.442821224093347,1.6058686409065666
18.251587980089344,121.34458935104958,16.318737627865215,2.004946534564646
11.967783716514495,118.82454224492558,3.26783149176632,1.8836533813125456
11.051931539740309,119.13360192158115,2.3661509123624853,6.83846078747379
8.647920222822005,119.38018961418915,31.57028868950008,5.555755041510841
4.958383443065761,124.8332848761593,0.08902797672285237,6.806568791617372
18.700280396335906,121.9307740434278,61.28822993904087,3.638442919047451
17.81931715521132,119.42438469071604,11.295498544367533,2.6702108899759396
20.99520044586422,122.7136716164201,17.6299301643837,5.78975918325512
20.94282623025639,123.87765741645512,3.490177585049206,2.9575235082468807
13.442338995244667,118.99886400806888,0.1441872973801152,2.79630024223209
17.07278605806868,120.54904011677887,13.389128784347005,2.395035953246987
20.061017408001277,117.34074702670642,17.96638936493401,1.7780738693454121
18.444005641515993,117.99264284488149,13.489066035480942,2.538778366100596
8.20491772963436,123.49229639361481,1.541426817102217,3.131918490843326
11.65925030027159,117.9958218246519,14.001009236042542,5.0439652488743825
6.195710057575415,121.77679722033766,14.650033477280164,1.3753890533167095
20.21886746339828,123.79950887894675,10.74526247331881,2.2630416379920577
14.304968785664961,117.17564615404218,14.529297256924131,5.854141841750058
7.886927693558866,122.24043441591795,18.702926746788048,1.8815315415026246
15.418911634899564,118.822190620715,9.508928243129304,3.0558708791351292
14.508180087784229,126.59219562761338,0.9277857239491574,6.187953531148841
10.088766206558288,121.31900211391917,6.687039837876222,1.929551866860656
5.930479067393693,124.86591804752673,0.8082979657432533,1.4964210137091394
15.416744325077593,122.05249196371888,5.2347703482533525,3.907227970480065
12.845230915364485,116.47753786140301,5.227404730506311,2.8145170676712183
17.129412659505867,122.96466513153425,0.6828938057355076,4.380450186903125
12.842779518903887,126.46543676427322,4.289699972993807,5.822829342900851
18.48708550541518,122.61773002160965,1.1765590487807251,1.822890928916459
13.382416259166254,125.0110774536947,16.514857100754803,4.48419450732571
13.535945516101567,125.72627109683249,29.505299850619984,4.033052562339184
18.903111245191866,118.50887749143826,0.7506463373245577,1.8644727160791974
10.859208725610749,118.3324932389905,31.036562340686856,4.743990913173894
6.278258883660893,122.72079087736091,7.3935154938876115,2.64184250716463
4.489305497326763,120.52131316787376,3.5605467627860206,3.927005911264075
16.837333346451523,125.23847433153392,0.7997662473957208,1.4936339456623713
14.5452623730089,125.90025435737812,6.943964967713936,3.757504343281738
15.9693560576868,119.8876351723299,15.823848901976179,2.8387808082569217
7.620390745651482,118.60557614871931,12.278778577836498,5.934287267112126
6.318315084975086,124.58578066768249,0.5153122949604646,1.3418723619842097
4.2472593163539925,119.0228663910295,0.7569582405825248,3.5116436495099794
9.959988499712148,125.04875750365046,5.156259312160877,3.750588544788628
14.028600676528763,120.6611207901364,3.49969609380049,5.350036457794713
10.668148766695449,123.34304889220617,2.644660917325595,4.445725450541266
11.437073674403393,117.05088845218135,3.299001784555116,5.003274023165086
19.37069780639372,122.8624525714423,16.27005031156716,5.662295713910536
9.920342939396106,120.96944446610952,26.48292594543428,6.173217841949133
12.737821315716783,122.45269309493021,5.193664841775336,2.883252980334823
17.32210121659943,117.8481562851935,23.6564206824289,4.2281362321834175
10.741227299461592,124.105611194386,3.8786446405724955,6.040648470635199
14.57547390387385,125.49076785297551,6.470978859895242,6.936706785790339
18.66018304869467,118.38413780099853,2.5622087097278863,6.337115866262579
20.141850602179915,117.05286011072178,10.229744619715447,3.2288035757462605
6.500249175793645,116.2600244465097,38.62333967976322,2.1709991033119023
19.751989627745402,123.06168650487592,9.25061825810096,3.9363552244395326
12.36597698235215,122.67803439697659,4.428774286066842,5.449848711016253
8.390154601082292,122.01367153985477,10.436056184754838,3.9554144245197858
11.805307856050442,118.55141805727573,1.3115784425231067,3.899085179882011
20.66055377985311,120.29996595496065,21.951584356663062,6.029382526490803
12.374507597878782,122.53923968704791,6.993341822032346,3.168422674403118
9.58877737488764,121.46443544745087,5.966554119061018,6.158768048869874
14.767814523384338,126.86564072236376,8.815627605399603,3.4408288057103413
8.082475519229282,117.50083727812407,9.80253053151827,2.9693986340700365
5.2896765778472865,123.64659009452353,0.7448198725566497,3.723939467198194
6.190955272481037,120.44750644914721,11.4764672952438,5.5746817520492105
6.176779262282132,120.71019576418176,2.7698176589151045,1.7560121671839657
6.582345789709004,123.89357542223993,12.515978612695335,2.1785152952321045
6.3600619350399725,123.61679766456807,17.289807139817192,6.708668953978552
14.894870661654648,126.90381593072408,16.294289459954793,2.0529497642881442
7.091961434785462,117.41233718399538,8.040809030749026,4.406363907586328
9.876343816505674,117.14520614322583,7.343231800466302,4.475886799971628
19.245402968402203,123.96772698841615,1.541726349642509,3.9377467723014687
12.05734788446883,122.3622560870705,14.931945076374282,4.8684714914609115
15.348481554857463,119.01576733215786,3.166432691086065,2.3789603547857103
6.929437810427707,116.87361305887885,6.865597708997226,4.3159736066604895
7.268913319747403,116.94224074556074,3.344579966637421,3.233039531481383
4.694766476530141,125.8360996213053,1.436721949072962,4.970003557775135
6.871896072226797,118.11054057190617,9.930575734759223,1.8473412602388968
8.736035763543295,119.55708718327072,0.5586375972591637,4.425264501036858
7.009178232704696,118.49322042449687,13.808899279180803,2.1116221322999422
5.507943073869946,119.90495936415131,3.8211993255389656,2.671858378690218
6.050809808710214,116.76366227020702,0.001347020764026737,2.3122588019414994
11.833239056556337,121.70965769999097,7.1565691280444526,2.0970266792129024
7.507673212898473,116.74373819951437,0.47984992361252177,5.954265709364002
10.192587637817283,124.80392158604597,3.231981099097797,2.7142454059653423
12.558093604532568,118.57083290101477,12.275024255933232,6.5627426911866955
15.73671208669921,121.94013106064962,0.6474080465882679,6.819559152071145
4.668306377298682,125.68086996317604,18.284555642147865,4.427562819622584
17.589976781453725,123.15965105951913,0.03827237196396057,1.8580067359943584
14.674306621345432,121.8625356520647,2.834561730914955,3.2472894602774875
5.389903543130822,119.56767128426912,13.505568463111041,5.786393580089284
18.85083660981521,119.66302104364017,3.801923951197497,3.2043443721824225
19.654830809040824,123.36435650718009,1.0746538274379351,1.5221033098167325
5.038325317532683,126.93553297343284,4.46652667564808,4.340709465569128
8.706920018502464,123.28023108834316,3.1524963848875602,6.070725108976209
17.705421756482043,122.13561759107027,18.49676137137029,5.775558322861015
16.720414736522194,124.03715561263171,3.7592754529383976,2.0507388407821194
7.136857329058414,121.1172617351209,15.555771577313507,5.0365876864748005
7.558938496724075,116.66156576860864,22.244409077040284,2.3230255806138826
10.298025747453494,122.185264974657,5.688386725432963,2.309245207313033
12.236890748247362,126.53387812955918,24.073140731611964,6.244430639831111
14.510331116015031,117.92833236593425,4.737194105595161,2.498013716441381
10.27153187268613,123.59005379902732,33.26416952168716,2.579484079108067
11.863090174263515,118.21027057524962,0.9353024181236151,1.0039203445677973
16.70700594827386,121.8941045292039,11.616136446599883,6.2240142047531055
4.623614449140164,117.06344094611391,6.808511682311532,5.755568879254808
8.291428053848353,120.95408029884004,4.904493137625131,4.763973610544068
16.12694296003739,124.3177966178477,10.016086674053277,5.501594583633054
19.21851624068239,119.8232867666288,12.169131426351242,1.9122914045469508
12.698516515966324,123.3140289693594,0.043728164917464125,3.7499415675254526
13.045929249510365,124.74994956868701,1.82665322371209,3.107316324092685
5.821924192776192,126.19895601427397,12.484335312686664,1.562659157542099
11.60601023599873,118.58106290040999,10.977688851674722,3.9167829112895447
13.054493529735394,120.39247507390239,33.82792941040541,6.524437902055812
8.121998561790404,117.67657614663459,14.314498577567406,1.2403547143041669
8.577134926139475,126.91731852374213,30.113070883768792,2.7487654809627635
10.413830772778585,126.19701064716725,12.124772028770874,2.245245617234221
4.341210362221348,121.93952843308615,3.5389624900326484,2.428879921994178
9.47534581491403,125.26236623814063,1.113393782120359,6.450607311276252
7.594616118941259,121.73053774999246,15.224525761144807,3.8084143254057405
9.567454987024549,122.85944256803036,10.33243797452025,3.797796477638913
6.035956240927271,116.98036875327618,0.49385654451541994,5.563453854731694
19.138963772578215,124.30797462546488,4.46365958707757,1.9269532240295548
14.091071710418827,117.40484831998758,31.419105125441146,3.9235921246003045
15.544739425456322,125.08674393277781,6.939497939883505,3.579911284726358
17.415911056324752,124.60230896437425,5.669183750725491,4.581464143279937
12.473517381793974,123.79619167517274,6.119351970499989,6.9973462195026315
5.477644897486202,116.39776418577239,2.3430905925259577,5.616693364492282
13.130811210915311,119.33441191539862,4.599854525591701,3.387194218104563
13.976299006354946,118.89423826901927,4.617390844520374,5.965318313644282
16.67247106113361,119.96150048218671,0.5377534073609781,2.024250179874881
11.33821228590455,116.96407021440223,14.591559716130497,1.1827821178537608
6.168865147524584,126.30653605334169,5.387184226637698,2.2266902347856385
8.824190398578317,122.09182464783613,17.26982839782898,3.042469336685558
10.172399038776796,119.36076741723826,18.994426877388573,4.063484544757359
14.98059310263722,120.36679668781711,2.382496443540625,4.690774843247199
13.703231179371501,120.91922794555319,10.710559234713095,6.463634303286531
10.053644340263386,122.60653766696679,6.391928577607432,4.059124057302746
20.770759229480653,121.67247370466147,21.215705393023597,4.007653867754376
14.298171929067081,126.1133117053586,2.4301554696629726,1.3014580589378928
8.032855459511907,121.46659831196413,11.326237783834447,1.2094693159373429
5.730302034546863,126.91373816305644,9.358612978430902,4.306959771498232
6.598605366133644,125.36567453519605,3.4998519539015898,3.629071679490067
8.181281382536639,118.2936156579307,1.4687824248068755,6.035082369881792
6.731583345412446,126.23654736108308,10.545181635854284,1.964077508271071
7.171639408872198,117.28003037674024,13.416937537854709,1.1498299727022976
8.846617867795402,124.9919467934031,3.7925269066017675,3.694232607580755
6.947351120010832,120.18685622824238,10.351660626804982,2.424871340513545
19.24501221864923,125.65771752489576,5.027432205813675,1.2976862400330247
5.363973676247918,125.54862359118195,12.489941708327505,5.3475897210857735
12.916693622694329,124.86517940129383,2.22163125706071,1.6695579997434848
10.976746058824245,124.69033479937768,22.092313952729917,4.64991700004663
20.700436487446307,119.35147053007844,3.3884849273461874,2.686298501001335
5.90466133685689,116.89011211356377,4.585273151883389,2.040976302130132
10.763545183777609,120.43278196641677,0.5984762284370608,3.278509137515905
20.480997365681272,117.90876966485159,1.1823437635671135,5.808674657337722
18.713621140197667,123.64446197792708,7.253850879884061,3.3525614614274364
17.890225206137757,119.80709699191564,3.1141846722572457,5.5046178952663345
8.384348059763976,126.73171220945906,18.047245077470063,1.7529177807949041
6.905088985631119,123.05069285079865,0.14802405694441706,5.6366285179904745
15.366934738715326,125.04728619997798,4.765756556547071,2.4215999494398917
19.79939181516896,117.45777140016034,4.11501611341643,5.0643587793332365
13.464969181236807,125.48215930499885,0.19516851669877114,4.394689329045978
13.717415720988297,126.15032909564734,1.328098233045887,6.574868303270124
8.75964459222483,121.35768110700829,5.338259054757454,3.3239351078518844
17.081379864262928,122.66878231526076,6.78977219233992,1.3969911330066427
7.1797437254778975,124.41290780993295,5.1800088323972195,1.1149329133075174
9.502547018872143,117.92322489986454,7.570196375133226,5.9611513658365185
11.232419456479086,121.52822684109786,9.041933879635168,4.148413825968593
12.629376437635734,120.38529330549544,0.09973390458152717,5.651464311009695
8.120965451056364,117.61011391378474,6.237986699666189,2.4065536000690884
5.95222602056646,120.04287864520684,33.10422221009638,3.0705024730794026
14.380540721507755,116.74989540324043,7.319551215848255,1.1806232332679136
8.906719405084349,116.28393097644435,11.317832132238966,6.768953947444673
13.881049764184409,117.48682918070305,3.7376857968988038,5.007207440204881
6.624166159661439,126.59426622748092,14.871821306709975,6.5992305265558375
12.179381731531898,122.04482489484519,14.824594264896799,2.5929784445744337
13.05402035337696,126.62404377268543,7.366729262027566,4.668781667353965
4.881000125981258,120.75747666163146,37.30277584535845,5.070999809755827
9.72227272929665,119.42997746393786,1.341604072843749,2.9052982015455306
6.285049507962562,121.56756049124269,0.170929200584672,6.08865541009378
5.077374498037051,120.83462857496201,14.703640839597828,6.682968777401487
20.829323950629067,117.16231152687918,16.45871308065946,6.309130706176026
9.48001536457029,123.04908946159227,1.2806888687847064,5.434401855636235
17.767865579528795,118.37642000760559,3.0867806434803486,2.664788078349724
8.328891130983985,122.81546750387612,0.17708232706465002,2.6896962526337904
15.585546277806797,123.15221201637969,3.471612158516566,6.7801619226762275
16.923873618124674,117.67227338441513,14.83430452128112,1.0617069756141522
14.125858590333353,116.67484589821736,7.2972927557207,5.296299839452867
12.016795205352693,124.58837744675284,4.278573430933416,5.237476975331573
11.001295540503566,121.05780466146253,4.6480006315936535,4.736137245698785
9.93076053123092,116.63980175056024,0.013545426943478147,6.940653076521195
19.801995452213042,126.94352948886744,3.5639002391120704,2.871276614582351
18.120529932391396,116.63558617096004,10.397550865605174,3.039831182759489
20.405457481330714,123.64538751744408,36.571654542851796,1.4736364176793333
6.113052799254261,126.82046817789755,18.77714998624691,3.6567888192624247
16.42474707846195,118.63098114637518,0.238777834155165,2.5662911574090885
19.951787765957643,117.56474305555916,22.882937492222588,3.0603202130658653
7.080962124816223,117.33523433364672,15.287726907101524,6.007430741533766
5.130436545235217,119.33602662324355,15.158388483489995,6.612907081164974
16.599051037931005,117.11150392111712,6.1248145285644595,2.1143984320311136
13.766042924058503,123.61377475863546,5.0750662599519565,3.2350535893207955
18.311089204890624,116.68520977943069,3.60848969982313,6.571783372692364
6.376130402646922,121.60364340964769,0.6795219063427087,1.3708507641353358
17.519544301618133,126.96366539238275,2.590756504330275,1.554163168668271
7.427664440811657,124.95367296456621,2.8316380850093332,1.9767459352373762
6.782151028716976,122.76741382054112,6.61797884559367,4.5712770047612485
6.79251856482688,119.36878982865272,13.761238826067157,1.9028336260359848
17.847770243933496,122.86285419920802,6.420925886156549,6.808458288704401
15.308352751835402,121.79745610302817,0.5958489006248409,3.680287163551122
12.892112221075028,120.68691722279408,31.650934043967567,4.0091077621009985
10.100118230099543,117.4378141441422,28.598791623520437,2.479951694832439
18.91240919382284,125.75264636764513,15.379992357279178,3.825761514608401
10.671566826184801,120.94763113703455,47.47644483359943,4.971481795822069
17.882190471016813,118.14084763002842,7.863207766462898,5.507062821724256
11.465293445693714,120.04535285965018,32.905960797829,5.523208496259478
10.40805530022343,120.5554272778182,0.7861585344916983,4.46734667616453
11.865556356383308,125.10291685123562,4.552028996462768,6.426158649963144
9.123423860790416,124.06975818617542,2.553843293985911,5.904447083836656
16.709359462996268,124.46235383005474,2.179484245523082,5.542288688191753
12.546246631572146,116.12134390871512,1.51756987371085,1.3336331300827637
7.947615817495894,120.57769397997738,9.739559723919811,1.0412677733178959
19.292767745667664,121.29478566798856,15.201542911231599,2.274683663172838
10.526150763344594,116.21111504505362,8.634573226958267,4.981141563480714
13.240398638937807,118.85794529619538,1.5895201566782515,3.467184933295275
19.4100258863973,124.36318805434348,16.666633458146542,3.41443755579587
14.612045930537866,117.50820676301899,10.104769882173969,6.307521329377682
5.987266692042189,121.8884114459785,4.912937947777809,6.373377088791033
19.977146101429078,118.36722059218961,11.21257657067068,6.455051584321515
14.671036902214103,116.13332852108283,3.009766945987171,2.883268459090164
9.693395449170463,118.65321603359496,4.234135344939628,5.146334876435571
6.3676252352775835,126.7346113040106,24.947854019627048,2.6297990876462176
17.498428217595034,124.81690823071288,3.43201132890464,2.143658998446699
14.54123685078473,126.55534308753137,6.348561371298942,2.1077947440842153
13.068838563597465,121.36639448318999,22.085588042617506,3.052645725181564
19.196173911866282,117.20709818545254,12.300476518437321,3.5797457186789305
17.406152590817022,122.02755437871062,0.6422201247407275,5.9856950263304105
6.57847295545677,120.99815068015957,1.5935106340465577,1.7193465608362726
9.29927515252432,125.28792791013578,0.07872497723973615,5.409555084369365
8.224315376845919,117.07890838862669,9.967467068014916,4.188729485135832
16.647086973735508,121.37065250723956,5.936157870102337,2.7276720560559546
4.570051390508249,117.65053531163383,1.441878005901035,3.9569175071969473
13.688124642812381,119.57143519579066,31.685183433152222,2.799652418662136
16.961797657591738,124.1109278512658,7.542988546284627,4.576491731429836
18.905015824949743,121.23619942305643,2.7693113030920475,3.603063537131465
9.815389728170427,120.13477113660346,6.9435505205251555,1.9864331744732724
17.96137417942422,120.33923906427039,11.382485262732562,1.6994984473341803
5.880739528238523,121.05391445246585,0.7930213477005081,4.280174092432781
18.38968895948681,124.63518198220763,3.211751765850929,6.414478199716621
6.167307259643701,125.81293157834259,16.44886302350852,3.0637461193461135
10.753883939526244,126.5086815515432,6.155657215573473,5.398000643335739
17.554021218252412,124.65593724880824,7.909301276058035,4.951968129638602
6.548596264929154,119.46947585322815,5.670715168023113,6.5893294858568865
7.897273718954905,123.56948176695197,0.4489270890015703,5.925886103794845
16.278293662682128,120.81363436460931,1.8122189742519366,4.399631553432778
16.24062112128326,118.80137684250656,5.8976356742227605,4.942182989404644
14.899509759050055,125.24958737368515,2.34691808249024,6.390318799504209
15.7971235559407,116.42268983858557,0.5127121953612684,3.3971127075216088
13.226315536909135,125.91938191348966,18.55656046387431,2.960768235146664
8.280584001418196,121.07625211087208,39.735011031952396,1.064866501811178
9.876831889566631,123.00921624489108,15.757269365677423,5.959306445148785
7.087161185624236,123.25289314426361,19.226766022694783,5.80588420242019
19.443659542671682,125.8462951477719,2.7704172270921132,1.6267271086009083
13.917660511024048,123.00336650383927,32.34674354858788,4.461144286796202
10.814474084981878,122.75326943236068,2.193080468413782,3.7838901890013243
11.854098661950257,116.73317244616759,30.247453182020514,1.7122545730546688
20.10381677340086,121.70248824139725,52.62813931989295,6.8834093623643415
6.606973852973363,117.65185900898746,12.438327816846819,2.2881753247801324
13.965907144285554,124.11177145593635,39.70909889426446,1.4034050805433669
12.600107541035921,121.63444112893941,8.429003625594063,4.5690842770114575
14.394722002389013,123.48250557129188,3.004860724923195,5.433200062798196
4.3078731249542885,116.45840190662622,5.744683429928096,1.1946606762831218
18.826106452050574,116.93271217650384,9.003212637616178,4.952305832362133
19.84601080222141,123.87955726868951,0.7588970221384388,4.193751255708727
13.607264121016552,116.79292769598541,9.73769603394951,1.6195900532502905
15.843064005907168,116.78382400541784,39.72720207875388,2.035143261678172
19.682489480014027,116.13319322758376,2.108539411153337,4.407845783896483
16.023056783327775,126.52151538129428,15.73082436156245,2.7781456810797303
6.593163729542443,124.11259195404908,23.848672389512572,6.629894371907897
13.796902122835824,119.88576549352271,28.77089035892496,5.9124413769043045
14.31415578850855,119.26189139416421,32.22271694448199,6.901403239081978
11.210221412140562,119.84673552720434,7.370147220569544,2.558025033702484
16.519552005620287,124.521188842993,37.85738784859356,6.818341796787863
19.884239251073254,123.27507672177455,14.159712237241735,3.587403218749347
19.7346647194152,118.03715124654215,1.7634517448085627,3.0851127718825277
11.664269313870246,117.91520268867492,6.479828321383203,1.3020971618161195
5.925046779292839,117.08235214684737,12.67023278921252,1.3165915471576157
20.742300382359687,123.26332991671472,2.841420999797959,5.152067535679928
18.26126746958088,124.40809928443909,10.233615524613528,3.7475739666041674
6.1192655804555365,118.91551071157504,10.984137455189629,2.3591297562166345
19.65431200449533,116.23039457134004,1.775725437985096,4.683821837951395
18.78823815505618,116.9038883422407,8.32605387708658,2.517148709500667
12.820246971143225,126.64646038329533,14.76774632041396,4.465790526066535
14.051682407663797,119.24989255225162,6.90940945159936,3.155252481896142
10.783045965792216,124.46145462621946,0.12176955887700333,5.9413133596709145
4.930947859974532,122.8712992573969,0.09079563850904285,5.924176964600676
9.698353107980315,120.20133603618186,4.416561918201067,3.864102388734408
17.648508626166194,118.2625598841511,26.06316177052402,3.1049146560100933
4.078744391078248,117.33525059975346,2.5964777096391694,3.1753587793545672
9.669485918749452,122.76514264842753,10.0611612505522,5.834287154009307
10.768867791046036,124.52097158701567,2.511262797305097,2.9690768967856718
13.13572524994469,123.08294678895244,3.881213685465557,2.254356242241076
19.63754547901693,121.83332346574075,18.841517017541253,1.508130051251841
9.887881904221342,116.461463457748,13.051253056263972,3.80015872530645
9.898204432235872,126.65337655353822,1.00261623036669,3.8927925935190513
16.537521217865724,124.78585610820032,5.598443507801786,6.045452262417443
11.687704995126722,119.22104240371061,0.29603659802252136,2.327432178676384
7.818281989979694,126.77967362294736,6.556397546358057,3.2859476420103997
11.691471774255788,122.62069748599954,10.859942668955455,5.850434433362146
6.394569346456597,122.4066492402797,1.261332534369584,5.941741664493841
6.998578770605796,124.22880497372485,3.4092103232703446,3.307666455872609
12.472252136571155,124.92946766899152,5.0722648428285035,3.7547441397200854
11.121732641577314,123.22126468064653,25.1988356829711,2.8197153450956973
19.552380318157702,117.4090532100282,49.989560759023504,6.595329270515872
10.160696284982762,119.72094256593948,0.4595106218168274,1.7118625944494819
13.870001954726739,126.20892004358655,14.313248803005745,6.60249653800882
14.748492894632017,118.47077173028237,4.64775824305489,5.103198711012059
4.222605762001672,120.09383726221265,4.983342768841731,4.189432916120387
15.28013532428408,120.75284571238616,14.035014509953418,1.1959543647069752
7.026611436785775,120.83345488663898,25.062499928371725,3.8535771509320496
20.338195396980737,122.74233540743978,30.14478786587206,3.4464886300163937
6.52726637180292,126.37383421519178,8.606729434454637,1.9673128718507353
11.048610103359405,118.64761983015755,4.41799000649414,4.938457621003941
5.450944357336946,117.3365151393101,15.490443095770987,6.826905444209714
20.946862281381105,118.17217538845931,2.890181422787728,4.3731328663871505
12.537315175631123,125.75617390230197,8.302828409517735,5.288519658663675
14.121545294440745,123.10391893920726,4.440684118766535,1.4107027153961007
5.140300115603267,119.14497468163076,10.689498229877938,3.5060019749019684
16.749327996786022,124.97541632865479,2.7496186888850964,1.6981509109869752
7.568395082624958,125.4750699599978,2.126895672844426,4.676775013219062
19.266922920492135,125.31165772559305,25.03955981789687,6.630892949284927
7.487373888194122,126.1081918700351,1.0736661870379178,4.970666394829831
7.241691251282331,118.77465122190698,7.0513455840981765,1.4608182898865292
4.621344353417613,124.30546121620907,2.495552688905251,3.127997229910497
12.025138066869987,121.06593447001553,0.3970799371386665,4.30398027664511
13.60229926546448,125.26198408179067,0.366835056113271,3.4192465367995135
5.117046870281991,124.01339744877774,1.9264074345832685,6.001864062851034
17.18396948381518,124.54092191149697,20.156809818707227,5.888026028259935
11.70591019071647,123.21778021449178,3.3195270666804944,4.670986120619329
12.91463457856886,117.95171646416678,30.049581125357598,3.2407476707962317
11.492966697949878,121.99529610786632,8.713706491738638,2.532018242579465
10.812972034880541,126.8313671347696,5.7379060981508765,1.6352459092787759
13.513885632239704,126.3112687314683,8.677121011941033,3.1293861009193242
6.639084180822112,116.47491109376713,7.271143589950865,3.479035103246317
7.092778218419609,117.81296297302382,14.220303685493484,5.054937550624442
18.650355557229794,117.44901650800018,3.3197684839872643,4.94895894578544
20.083962856271757,123.98577900983825,4.3548687252262654,1.4206488378475417
10.3462583767558,124.99563862842639,22.452062273805208,3.3715558925869464
8.602659443440414,118.34862502941739,29.272611169441504,2.0906732033041715
14.947992235063268,121.56437962247011,22.308062291973073,1.9408762319008341
10.948480908667639,125.2477333081232,5.43775893497494,5.963812898423475
4.431568046225863,124.06081699242876,15.157904915515273,1.2514913002975452
6.654594155225237,121.96460926041033,6.469045124116817,3.515097255412728
16.171527890405756,122.4938245950465,6.882389499473696,2.0092219345991094
15.201707012472573,121.59196601607908,2.290108667160451,6.275981294070844
4.460631872559219,119.27303296450702,8.943587635739942,4.342243079650211
7.773526752860141,122.21524192144918,2.0596187747433077,2.388283818261088
7.928271541997214,123.577738322551,4.028156695729184,4.0145637229982585
15.422176641178384,125.60655207446888,19.312298452903548,5.388918158218695
4.335079141824191,122.99920489377173,2.320276599131031,6.748708053516602
5.769845893737756,124.37233690747473,0.7381693700302627,2.3226760254725134
17.59857345134422,117.7607879845003,0.7150415706895463,6.317090632776071
7.035259254923671,121.07713221861769,28.26572293283546,6.605824685004942
15.09668383348187,116.10264781809802,7.070847345157995,6.498523267192398
8.04910727779435,118.71346750973785,5.2663674980166375,4.812486141171459
5.690503676908868,123.99107886624306,16.65366041661833,4.778923926608246
8.13392724699072,126.909909464843,18.068279988809696,3.4192637991029367
16.278537841546203,117.09095909545937,4.037531240628876,5.514387293822727
18.54683995780686,120.41643747447417,11.829227771663488,4.187764110105592
18.113737697638857,124.80078065569076,14.74569733059262,5.064628427369767
10.752120003513731,118.24439198091788,10.631988723472205,3.5707474230927727
15.357447321700985,122.10593444232515,1.6439725102804932,5.388978784258835
7.484733022068957,124.06378425632643,20.86531282741948,5.946829105627295
8.983511414437226,122.77583995286197,7.745623605709238,1.8786175396168967
19.237708914859034,118.06827208076957,3.319439019404437,5.997578293445368
4.221032699682513,119.90923025554314,5.537821611877681,4.241779190741843
5.453645024525957,124.62170962933936,0.38295075702702275,6.067995454541346
7.534066337482464,122.09649165545218,1.36813115846664,3.587810238046088
4.451047465854935,116.05752574897204,14.504990735121403,3.2742429122982104
7.084402396526555,124.37089836030903,0.00011634823050432323,6.4903643951033345
13.911706536484767,116.38842490434263,5.3882365021327105,2.507015605290408
11.164217360072465,124.20307161004355,7.392124409338731,6.065273951716859
19.175419088308573,118.22728616181762,0.5618356915649692,3.904123435056425
17.896540549553496,126.53880828131318,36.148175362787754,4.084572655307558
9.810894978863892,120.04734826432293,2.563453451831128,2.850809688936904
8.410198368331972,119.59624777971887,3.626911761341702,4.438253203714094
10.454770938843538,117.6377685536569,3.623230247239586,2.951267177657268
14.035014022751731,119.36164637039236,2.6190603022539465,1.2356164854499139
8.557081893988897,125.64315838011021,0.01474909230385058,2.6319916320661365
14.610531433435279,126.95967771389972,13.069095710746874,1.038274260439544
10.959998087251087,120.05140483557533,34.06576818902749,6.87012872234114
13.384802074483664,120.93471694049997,2.53981030444211,6.7944832589184845
11.414150995300384,123.94278032023011,10.878123934605872,3.3709317848338305
9.0059179122126,125.74815358511582,13.54393941280624,5.370225126037876
20.123706218356663,122.52348767605463,18.86677228037035,3.07483659046255
16.981298500715933,120.30678267995613,5.492705793872256,5.026558942515856
6.381923988029693,120.53884024933487,3.6087074205934924,5.832580258275875
18.763955590264516,123.65179961146488,3.934799193146354,6.680537468153444
12.286330370241732,116.03540089964707,12.469545359924233,3.401273655098032
19.207387857199556,122.81548271205824,16.97064750630053,5.699787897736286
17.59753935110436,119.91042311485494,2.004211316416398,2.5955707037927125
11.228629575976969,124.73617064404793,4.635302399667804,6.94199382276189
4.381978241441995,117.02289703805445,23.22177749177033,1.1546175925861069
8.567515109544082,122.47022493643229,16.43478368729371,4.621172839006726
13.207781649234738,121.29070178874736,41.903095386823765,4.957035889907963
14.769129737044503,123.0655807849575,14.03433438320041,5.128273342444773
8.384090652364439,116.71338953931266,4.995481228836644,1.722325472734534
6.36905325923801,122.37982166170944,8.93155023299958,6.631178700838783
18.193814025588082,122.17633046755476,10.817972204129243,2.0870996743004966
20.734837071960385,122.16726103857788,0.8170455545483112,4.736520419439047
12.936733099145659,122.638364332561,7.863528863524105,2.33605647473851
6.918547859421159,123.44114730948999,12.355351233568276,2.8432985021276256
8.629224550829273,124.85487899648847,1.831074303129447,4.278751250368746
4.312641501306935,118.96802792141035,15.170033059741117,3.503160511387459
19.543079711528485,125.07554351198068,8.765239671469429,1.9613536058590377
6.001768409132399,121.48081250489798,30.41185511110514,2.0256184145250895
13.80078008374231,116.84764107047765,0.433484105221125,3.5088687289767977
8.658938751682502,116.64406022168377,3.0832860280943803,5.543697869653005
13.421026042768489,119.67662150565667,9.201829951622438,6.387787881086731
15.074146601981692,124.63386674822614,3.517725691046352,1.504765973556297
18.10561066302243,123.78449028215007,12.53247660188759,3.3586234453564066
7.509161619930254,124.67476461139647,14.229802649098477,1.6014733823372598
4.1869290871941685,121.6899596208577,1.0815994603859407,1.0995548837955873
6.327055711169724,120.8421889775104,7.212472435450758,4.97031209586374
19.300316911417788,117.62197779376912,7.110882749898155,4.614696651799527
18.85613131856276,119.61012028970242,4.608944761872568,1.9781146828893172
14.156022736895242,120.77421302791262,27.019418337671755,2.4028769985583844
14.208786627372108,116.97460472647579,17.57394680128082,1.1422465218671103
15.305623467286344,118.42673147982332,11.947137417483798,6.009683234166422
6.981311736598643,122.58047823470113,12.529062038255496,6.848143576291308
19.545003080724314,124.09229425663109,6.193692442292758,1.8127572207681448
11.119098923165243,126.98182262532245,25.382380757120377,2.388851282591789
10.513354980241456,126.26424664477913,11.861179133342091,6.210457143681604
12.821600989808239,123.06821719488711,13.055665773552832,6.558782787737109
4.798421435175936,120.6337285862348,19.78264270871572,3.517764296840862
6.82681726885335,122.99795101179056,3.203038769287745,1.3037348336144448
16.5465714792483,124.64216779888255,16.45432535124599,1.2363510021569164
5.40757735472715,117.30169810015727,2.1721193189903327,4.443699196414062
14.253585860928599,120.50895378665918,4.236422441660145,3.357370653359074
8.170934864582456,125.23782514199179,4.088866362702278,1.171914565465927
10.618025438713602,120.22216247126349,38.40887622252615,4.499514353875341
8.907793525101898,122.29059498349905,19.416796763724424,1.0678152195341348
10.046436179904134,122.46546296948418,12.07879965984888,5.724231748895638
16.223780388132173,118.02923878447004,12.984914234202144,2.8385969362202292
9.051069165593976,119.98458985817517,8.25702579684131,1.2415480180553926
13.628878885047252,119.67962417616125,29.391755305092016,4.53011332589892
12.092856837384694,116.28816379385272,6.856925413210559,3.386106486598328
15.282409811165019,116.2661094028049,4.788711656821708,6.842802480142897
19.926105568520885,125.1486674804335,1.7797342794015172,4.265191975022213
16.453725652574256,119.00377890970094,15.4274071788312,2.6514350862220497
7.6539864360428655,121.69886642862697,13.259292819722024,5.256633187803849
4.530113296041839,119.2859813094765,4.850848428490843,2.628952015256268
8.458488753097026,126.34747169626874,0.2551620095439108,6.425459748445391
14.116324821904332,118.85226434752352,18.263343161106416,3.248331823044259
4.874238829232256,120.72622494012829,0.11483669104263555,4.299211376657231
12.438226202421017,125.60003275533062,12.163820806602379,1.3034386229453732
14.146328431587117,125.2612692347099,35.15165157939812,3.5567274277133847
9.682146143888334,118.04711559630906,5.7565099163695885,5.99418123796597
17.105507463678972,124.82907640775281,2.678446810487069,5.833892832180052
5.8121703032741205,121.04005575411682,12.203427641197981,2.3459113531211573
5.2773422895087485,121.3126575929389,16.989696010093255,2.356474426063376
16.379208855461258,117.46827969657538,7.906063631889006,5.903831873279421
12.423352375505374,116.88661665132837,34.12317236403083,6.582390521015953
15.702840739271513,124.00733237671142,0.5305138804256164,1.5721655276380213
11.392064756263686,121.4610726759083,7.027846689285737,3.700351836557352
8.188834565064816,120.80535772876698,12.674592473497782,3.024725673785374
17.924739400461394,124.02459051517636,19.85153492430679,6.224130732744636
17.590069942472645,124.42064188890221,1.975435601599549,1.5011494880801126
15.809840004525254,117.74798984436289,16.094553214040424,2.2667556553482244
8.626467332909366,122.71247664425405,8.045415873998298,5.514810025518966
14.03392133677448,117.48889490505454,5.050981935027793,1.3077630938872935
10.136556247980455,124.2651259463195,1.4123531011449273,3.955212284285736
5.556895246552781,123.22650671893854,20.04673710604255,3.65264220807832
19.59433078285813,126.52276083191803,1.7111246387631098,3.006407073932492
6.325916725622344,116.75853817992063,3.7075627822243247,3.3674338919135427
20.154035014953642,116.6276019326638,3.425544405277208,4.179643521581397
11.582098140285247,119.1040578216252,20.511576037003103,1.9682041503302987
